-- Automatically generated by Airflow
-- Generated on UTC:2021-02-27 19:47:08.714964
-- Finished Dump
-----------------------------------------------------
-- PostgreSQL database dump
--

-- Dumped from database version 10.15 (Ubuntu 10.15-0ubuntu0.18.04.1)
-- Dumped by pg_dump version 10.15 (Ubuntu 10.15-0ubuntu0.18.04.1)

SET statement_timeout = 0;
SET lock_timeout = 0;
SET idle_in_transaction_session_timeout = 0;
SET client_encoding = 'UTF8';
SET standard_conforming_strings = on;
SELECT pg_catalog.set_config('search_path', '', false);
SET check_function_bodies = false;
SET xmloption = content;
SET client_min_messages = warning;
SET row_security = off;

--
-- Name: plpgsql; Type: EXTENSION; Schema: -; Owner: 
--

CREATE EXTENSION IF NOT EXISTS plpgsql WITH SCHEMA pg_catalog;


--
-- Name: EXTENSION plpgsql; Type: COMMENT; Schema: -; Owner: 
--

COMMENT ON EXTENSION plpgsql IS 'PL/pgSQL procedural language';


SET default_tablespace = '';

SET default_with_oids = false;

--
-- Name: access_types; Type: TABLE; Schema: public; Owner: dmitryhse
--

CREATE TABLE public.access_types (
    access_type_int integer NOT NULL,
    access_type_str text NOT NULL
);


ALTER TABLE public.access_types OWNER TO dmitryhse;

--
-- Name: balances; Type: TABLE; Schema: public; Owner: dmitryhse
--

CREATE TABLE public.balances (
    id integer NOT NULL,
    customer_id integer NOT NULL,
    usd_amt real,
    eur_amt real,
    aed_amt real
);


ALTER TABLE public.balances OWNER TO dmitryhse;

--
-- Name: balances_id_seq; Type: SEQUENCE; Schema: public; Owner: dmitryhse
--

CREATE SEQUENCE public.balances_id_seq
    AS integer
    START WITH 1
    INCREMENT BY 1
    NO MINVALUE
    NO MAXVALUE
    CACHE 1;


ALTER TABLE public.balances_id_seq OWNER TO dmitryhse;

--
-- Name: balances_id_seq; Type: SEQUENCE OWNED BY; Schema: public; Owner: dmitryhse
--

ALTER SEQUENCE public.balances_id_seq OWNED BY public.balances.id;


--
-- Name: customers; Type: TABLE; Schema: public; Owner: dmitryhse
--

CREATE TABLE public.customers (
    id integer NOT NULL,
    first_name character varying(50),
    second_name character varying(50),
    nickname_telegram character varying(50) NOT NULL,
    join_date timestamp without time zone,
    access_type integer DEFAULT 0 NOT NULL
);


ALTER TABLE public.customers OWNER TO dmitryhse;

--
-- Name: customers_id_seq; Type: SEQUENCE; Schema: public; Owner: dmitryhse
--

CREATE SEQUENCE public.customers_id_seq
    AS integer
    START WITH 1
    INCREMENT BY 1
    NO MINVALUE
    NO MAXVALUE
    CACHE 1;


ALTER TABLE public.customers_id_seq OWNER TO dmitryhse;

--
-- Name: customers_id_seq; Type: SEQUENCE OWNED BY; Schema: public; Owner: dmitryhse
--

ALTER SEQUENCE public.customers_id_seq OWNED BY public.customers.id;


--
-- Name: daily_rates; Type: TABLE; Schema: public; Owner: dmitryhse
--

CREATE TABLE public.daily_rates (
    id integer NOT NULL,
    aed integer DEFAULT 1 NOT NULL,
    usd double precision NOT NULL,
    eur double precision NOT NULL,
    date timestamp without time zone NOT NULL
);


ALTER TABLE public.daily_rates OWNER TO dmitryhse;

--
-- Name: TABLE daily_rates; Type: COMMENT; Schema: public; Owner: dmitryhse
--

COMMENT ON TABLE public.daily_rates IS 'rates for aed, usd, eur for each day. Each column is equal to 1 AED';


--
-- Name: daily_rates_id_seq; Type: SEQUENCE; Schema: public; Owner: dmitryhse
--

CREATE SEQUENCE public.daily_rates_id_seq
    START WITH 1
    INCREMENT BY 1
    NO MINVALUE
    NO MAXVALUE
    CACHE 1;


ALTER TABLE public.daily_rates_id_seq OWNER TO dmitryhse;

--
-- Name: daily_rates_id_seq; Type: SEQUENCE OWNED BY; Schema: public; Owner: dmitryhse
--

ALTER SEQUENCE public.daily_rates_id_seq OWNED BY public.daily_rates.id;


--
-- Name: foreign_keys_view; Type: VIEW; Schema: public; Owner: dmitryhse
--

CREATE VIEW public.foreign_keys_view AS
 SELECT tc.table_name,
    kcu.column_name,
    ccu.table_name AS foreign_table_name,
    ccu.column_name AS foreign_column_name,
    tc.constraint_name
   FROM ((information_schema.table_constraints tc
     JOIN information_schema.key_column_usage kcu ON (((tc.constraint_name)::text = (kcu.constraint_name)::text)))
     JOIN information_schema.constraint_column_usage ccu ON (((ccu.constraint_name)::text = (tc.constraint_name)::text)))
  WHERE ((tc.constraint_type)::text = 'FOREIGN KEY'::text);


ALTER TABLE public.foreign_keys_view OWNER TO dmitryhse;

--
-- Name: passwords; Type: TABLE; Schema: public; Owner: dmitryhse
--

CREATE TABLE public.passwords (
    id integer NOT NULL,
    customer_id integer,
    user_email character varying(50) NOT NULL,
    user_pass text NOT NULL
);


ALTER TABLE public.passwords OWNER TO dmitryhse;

--
-- Name: passwords_id_seq; Type: SEQUENCE; Schema: public; Owner: dmitryhse
--

CREATE SEQUENCE public.passwords_id_seq
    AS integer
    START WITH 1
    INCREMENT BY 1
    NO MINVALUE
    NO MAXVALUE
    CACHE 1;


ALTER TABLE public.passwords_id_seq OWNER TO dmitryhse;

--
-- Name: passwords_id_seq; Type: SEQUENCE OWNED BY; Schema: public; Owner: dmitryhse
--

ALTER SEQUENCE public.passwords_id_seq OWNED BY public.passwords.id;


--
-- Name: stats; Type: TABLE; Schema: public; Owner: dmitryhse
--

CREATE TABLE public.stats (
    id integer NOT NULL,
    num_custs integer NOT NULL,
    num_tokens integer NOT NULL,
    count_transactions integer NOT NULL,
    sum_transactions_aed double precision NOT NULL,
    sum_transactions_usd double precision NOT NULL,
    sum_transactions_eur double precision NOT NULL,
    max_transaction_aed double precision NOT NULL,
    max_transaction_usd double precision NOT NULL,
    max_transaction_eur double precision NOT NULL,
    sum_balances_aed double precision NOT NULL,
    sum_balances_usd double precision NOT NULL,
    sum_balances_eur double precision NOT NULL,
    date timestamp without time zone NOT NULL
);


ALTER TABLE public.stats OWNER TO dmitryhse;

--
-- Name: stats_id_seq; Type: SEQUENCE; Schema: public; Owner: dmitryhse
--

CREATE SEQUENCE public.stats_id_seq
    AS integer
    START WITH 1
    INCREMENT BY 1
    NO MINVALUE
    NO MAXVALUE
    CACHE 1;


ALTER TABLE public.stats_id_seq OWNER TO dmitryhse;

--
-- Name: stats_id_seq; Type: SEQUENCE OWNED BY; Schema: public; Owner: dmitryhse
--

ALTER SEQUENCE public.stats_id_seq OWNED BY public.stats.id;


--
-- Name: tokens; Type: TABLE; Schema: public; Owner: dmitryhse
--

CREATE TABLE public.tokens (
    id integer NOT NULL,
    customer_id integer NOT NULL,
    token_uuid text NOT NULL,
    creation_date timestamp without time zone,
    exp_date timestamp without time zone
);


ALTER TABLE public.tokens OWNER TO dmitryhse;

--
-- Name: tokens_id_seq; Type: SEQUENCE; Schema: public; Owner: dmitryhse
--

CREATE SEQUENCE public.tokens_id_seq
    AS integer
    START WITH 1
    INCREMENT BY 1
    NO MINVALUE
    NO MAXVALUE
    CACHE 1;


ALTER TABLE public.tokens_id_seq OWNER TO dmitryhse;

--
-- Name: tokens_id_seq; Type: SEQUENCE OWNED BY; Schema: public; Owner: dmitryhse
--

ALTER SEQUENCE public.tokens_id_seq OWNED BY public.tokens.id;


--
-- Name: transactions; Type: TABLE; Schema: public; Owner: dmitryhse
--

CREATE TABLE public.transactions (
    id integer NOT NULL,
    customer_id_from integer,
    customer_id_to integer,
    usd_amt real,
    eur_amt real,
    aed_amt real,
    CONSTRAINT trans_aed_gt_0 CHECK ((aed_amt >= (0)::double precision)),
    CONSTRAINT trans_amt_gt_0 CHECK ((aed_amt >= (0)::double precision)),
    CONSTRAINT trans_eur_gt_0 CHECK ((eur_amt >= (0)::double precision)),
    CONSTRAINT trans_usd_gt_0 CHECK ((usd_amt >= (0)::double precision))
);


ALTER TABLE public.transactions OWNER TO dmitryhse;

--
-- Name: transactions_id_seq; Type: SEQUENCE; Schema: public; Owner: dmitryhse
--

CREATE SEQUENCE public.transactions_id_seq
    AS integer
    START WITH 1
    INCREMENT BY 1
    NO MINVALUE
    NO MAXVALUE
    CACHE 1;


ALTER TABLE public.transactions_id_seq OWNER TO dmitryhse;

--
-- Name: transactions_id_seq; Type: SEQUENCE OWNED BY; Schema: public; Owner: dmitryhse
--

ALTER SEQUENCE public.transactions_id_seq OWNED BY public.transactions.id;


--
-- Name: balances id; Type: DEFAULT; Schema: public; Owner: dmitryhse
--

ALTER TABLE ONLY public.balances ALTER COLUMN id SET DEFAULT nextval('public.balances_id_seq'::regclass);


--
-- Name: customers id; Type: DEFAULT; Schema: public; Owner: dmitryhse
--

ALTER TABLE ONLY public.customers ALTER COLUMN id SET DEFAULT nextval('public.customers_id_seq'::regclass);


--
-- Name: daily_rates id; Type: DEFAULT; Schema: public; Owner: dmitryhse
--

ALTER TABLE ONLY public.daily_rates ALTER COLUMN id SET DEFAULT nextval('public.daily_rates_id_seq'::regclass);


--
-- Name: passwords id; Type: DEFAULT; Schema: public; Owner: dmitryhse
--

ALTER TABLE ONLY public.passwords ALTER COLUMN id SET DEFAULT nextval('public.passwords_id_seq'::regclass);


--
-- Name: stats id; Type: DEFAULT; Schema: public; Owner: dmitryhse
--

ALTER TABLE ONLY public.stats ALTER COLUMN id SET DEFAULT nextval('public.stats_id_seq'::regclass);


--
-- Name: tokens id; Type: DEFAULT; Schema: public; Owner: dmitryhse
--

ALTER TABLE ONLY public.tokens ALTER COLUMN id SET DEFAULT nextval('public.tokens_id_seq'::regclass);


--
-- Name: transactions id; Type: DEFAULT; Schema: public; Owner: dmitryhse
--

ALTER TABLE ONLY public.transactions ALTER COLUMN id SET DEFAULT nextval('public.transactions_id_seq'::regclass);


--
-- Data for Name: access_types; Type: TABLE DATA; Schema: public; Owner: dmitryhse
--

COPY public.access_types (access_type_int, access_type_str) FROM stdin;
0	user
1	admin
\.


--
-- Data for Name: balances; Type: TABLE DATA; Schema: public; Owner: dmitryhse
--

COPY public.balances (id, customer_id, usd_amt, eur_amt, aed_amt) FROM stdin;
67	62	87	100	100
68	63	0	0	0
47	42	100.399994	3	20.5
69	64	0	22.25	99900
38	33	125.5	118.599998	441.269989
70	65	20	10	30
71	67	0	0	0
63	58	0	0	0
64	59	0	0	0
65	60	0	0	0
39	34	0	0	0
40	35	0	0	0
41	36	0	0	0
44	39	0	0	0
46	41	0	0	0
48	43	0	0	0
49	44	0	0	0
66	61	0	0	0
\.


--
-- Data for Name: customers; Type: TABLE DATA; Schema: public; Owner: dmitryhse
--

COPY public.customers (id, first_name, second_name, nickname_telegram, join_date, access_type) FROM stdin;
34	New_user	flask	@test	2020-07-19 00:00:00	0
35	New_user	flask	@test	2020-07-19 00:00:00	0
36	New_user	flask	@test	2020-07-19 00:00:00	0
39	New_user	flask	@test	2020-07-19 00:00:00	0
41	New_user	flask	@test	2020-07-19 00:00:00	0
42	New_user	flask	@test	2020-07-19 00:00:00	0
43	New_user	flask	@test	2020-07-19 00:00:00	0
44	New_user	flask	@test	2020-07-25 00:00:00	0
33	New_user	flask	@test	2020-07-19 00:00:00	1
58	New_user	flask_August	@test	2021-02-19 15:37:09.914616	0
59	New_user	flask_August	@test	2021-02-19 15:39:54.881572	0
60	New_user	flask_August	@test	2021-02-20 17:46:52.581531	0
61	New_user	flask_August	@test	2021-02-20 18:07:04.425917	0
62	New_user	flask_August	@test	2021-02-20 20:13:46.430171	0
63	New_user	flask_August	@test	2021-02-24 06:21:21.582238	0
64	New_user	flask_August	@test	2021-02-25 11:30:18.345096	0
65	New_user	flask_August	@test	2021-02-26 08:27:33.084893	0
67	New_user	flask_August	@test	2021-02-27 11:52:50.193523	0
\.


--
-- Data for Name: daily_rates; Type: TABLE DATA; Schema: public; Owner: dmitryhse
--

COPY public.daily_rates (id, aed, usd, eur, date) FROM stdin;
1	1	0.272253960865395939	0.225523281670459957	2021-02-27 10:32:52.295112
2	1	0.272253960865395939	0.225523281670459957	2021-02-27 13:36:47.983313
3	1	0.272253960865395939	0.225523281670459957	2021-02-27 13:38:31.644076
4	1	0.272253960865395939	0.225523281670459957	2021-02-27 13:39:32.795167
5	1	0.272253960865395939	0.225523281670459957	2021-02-27 13:58:10.555997
6	1	0.272253960865395939	0.225523281670459957	2021-02-27 14:05:56.387923
7	1	0.272253960865395939	0.225523281670459957	2021-02-27 14:07:45.05766
8	1	0.272253960865395939	0.225523281670459957	2021-02-27 14:45:33.637383
9	1	0.272253960865395939	0.225523281670459957	2021-02-27 14:47:32.284021
10	1	0.272253960865395939	0.225523281670459957	2021-02-27 14:52:25.27844
11	1	0.272253960865395939	0.225523281670459957	2021-02-27 14:55:07.233375
12	1	0.272253960865395939	0.225523281670459957	2021-02-27 14:59:25.939933
13	1	0.272253960865395939	0.225523281670459957	2021-02-27 15:19:32.424414
14	1	0.272253960865395939	0.225523281670459957	2021-02-27 16:59:33.406528
15	1	0.272253960865395939	0.225523281670459957	2021-02-27 18:35:16.158277
16	1	0.272253960865395939	0.225523281670459957	2021-02-27 18:39:02.588439
17	1	0.272253960865395939	0.225523281670459957	2021-02-27 18:39:32.094718
18	1	0.272253960865395939	0.225523281670459957	2021-02-27 18:45:59.612697
19	1	0.272253960865395939	0.225523281670459957	2021-02-27 18:53:11.293786
20	1	0.272253960865395939	0.225523281670459957	2021-02-27 19:02:40.366734
21	1	0.272253960865395939	0.225523281670459957	2021-02-27 19:04:57.810656
22	1	0.272253960865395939	0.225523281670459957	2021-02-27 19:09:09.180609
23	1	0.272253960865395939	0.225523281670459957	2021-02-27 19:10:36.756115
24	1	0.272253960865395939	0.225523281670459957	2021-02-27 19:30:25.913707
25	1	0.272253960865395939	0.225523281670459957	2021-02-27 19:35:39.242519
26	1	0.272253960865395939	0.225523281670459957	2021-02-27 19:37:27.47237
27	1	0.272253960865395939	0.225523281670459957	2021-02-27 19:39:00.609592
28	1	0.272253960865395939	0.225523281670459957	2021-02-27 19:45:29.12936
29	1	0.272253960865395939	0.225523281670459957	2021-02-27 19:46:59.218936
\.


--
-- Data for Name: passwords; Type: TABLE DATA; Schema: public; Owner: dmitryhse
--

COPY public.passwords (id, customer_id, user_email, user_pass) FROM stdin;
2	34	asdsd@mail.ru	$2a$12$.Zf0zrUEnY60ehRLttdZw..KUlF.Z3eYAMAGfp1.sZ7m9SWur4Y0i
3	35	efwer@mail.ru	$2a$12$2Wtjy06PUlfKEO1JuUczVO1s3dNkP9hX2EDg2TucTeCyBr/t232eG
4	36	efwer@e.ru	$2a$12$VhDszH7K.1aZsVn9bYSxqOLSwPjNLGPr1SoNTCrWv.cwz74kWANa2
5	39	ef33wer@e.ru	$2a$12$.8tNN1qPYDsPTUjHgp7an.EsbsYuzoifAMj5bmIqBjiP4aHXmtQKq
7	41	effds33wer@e.ru	$2a$12$Z2Ng5B0XNEuexl.qsP6aNOvAns1icSv7sWG6zMO6qfdXdNqzPngOi
9	43	xswe3@bk.ru	$2a$12$5fJtT0u.7pJHO1jmXSN4q.k1QVgP5pIPCuN/QVP/F4KkR8zhMTzSK
10	44	x1swe3@bk.ru	$2a$12$mx6mFEaoY6qYQfyfVxgREutpRT9AGU9nnUozV5DKHXhOE24Z8g9WG
18	58	delete_me@mail.ru	$2a$12$ERk4CB7D9FV5pfRs6RS.eeK/8GzUSoh/iPQSTULi96aRNDyaZQ5O2
19	59	delete_my@mail.ru	$2a$12$z4AQy2qsQHqU3kFHnrxFxuPVP3gLlDmRsdgaHYN3xZtTkhj9M4ycO
20	60	del_me_pls@mail.ru	$2a$12$LBrxETHM3kaVKrx.j6Bwf.a3.u1gJsh99hnVnUjSe6Io/2L6fN0Qu
21	61	xsw32@bk.ru	$2a$12$Oq.t9ouZkjLGJ9zsrA/1GehE58ncW2WM7IRK534wml.a2AlpIqWxW
22	62	noor@minimatech.org	$2a$12$0Xfg6DgfaYT6WeM2tZlZlOL60NRGPrpliaA/fQC.7AGr0SEbSSxBC
8	42	xsw3@bk.ru	$2a$12$D87pTcEzxbFLBREFvHFDK.LtuL5hMQLhBbl3QgKzMoh4lfXdXe7oy
1	33	dmitryhse@gmail.com	$2a$12$FUGuRws9Pf87ckigM6CdDe5cv0xmmV6GbTXz6gEiwRLAsPolFTFHu
23	63	vaskind@yandex.ru	$2a$12$z9I1nWMrYoEta0TPbvDiTOzi/ZJi2W3/LKN0JF5Etkp7jgc0859bq
24	64	abc@gmail.com	$2a$12$l2XsU7lyyuN/c.L5rHi/Iu9PGhEJdCu9jeK2c6zJ4.ZEATpj/INk2
25	65	test@user.ru	$2a$12$O8z6iTEky/o1ERD0J/CNmOaJmF6GDx.epGRPQ9r1FfadmywsW7ZJ2
26	67	i_am_new@customer.ru	$2a$12$OnI.SfDR8SBxdtPYjR6ILucsEWD18FeiftFL9uqc71RApkTrgat2q
\.


--
-- Data for Name: stats; Type: TABLE DATA; Schema: public; Owner: dmitryhse
--

COPY public.stats (id, num_custs, num_tokens, count_transactions, sum_transactions_aed, sum_transactions_usd, sum_transactions_eur, max_transaction_aed, max_transaction_usd, max_transaction_eur, sum_balances_aed, sum_balances_usd, sum_balances_eur, date) FROM stdin;
1	18	97	196	609.299999999999955	1893	133.300000000000011	150	200	30	100492	332.899999999999977	253.849999999999994	2021-02-27 13:58:12.811891
2	18	97	196	609.299999999999955	1893	133.300000000000011	150	200	30	100492	332.899999999999977	253.849999999999994	2021-02-27 14:05:58.072297
3	18	97	196	609.299999999999955	1893	133.300000000000011	150	200	30	100492	332.899999999999977	253.849999999999994	2021-02-27 14:07:46.549369
4	18	97	196	609.299999999999955	1893	133.300000000000011	150	200	30	100492	332.899999999999977	253.849999999999994	2021-02-27 14:45:36.55773
5	18	97	196	609.299999999999955	1893	133.300000000000011	150	200	30	100492	332.899999999999977	253.849999999999994	2021-02-27 14:47:33.858108
6	18	97	196	609.299999999999955	1893	133.300000000000011	150	200	30	100492	332.899999999999977	253.849999999999994	2021-02-27 14:52:26.814377
7	18	97	196	609.299999999999955	1893	133.300000000000011	150	200	30	100492	332.899999999999977	253.849999999999994	2021-02-27 14:55:08.764801
8	18	97	196	609.299999999999955	1893	133.300000000000011	150	200	30	100492	332.899999999999977	253.849999999999994	2021-02-27 14:59:28.630141
9	18	97	196	609.299999999999955	1893	133.300000000000011	150	200	30	100492	332.899999999999977	253.849999999999994	2021-02-27 15:19:33.930776
10	18	97	196	609.299999999999955	1893	133.300000000000011	150	200	30	100492	332.899999999999977	253.849999999999994	2021-02-27 16:59:34.934359
11	18	97	196	609.299999999999955	1893	133.300000000000011	150	200	30	100492	332.899999999999977	253.849999999999994	2021-02-27 18:35:17.655652
12	18	97	196	609.299999999999955	1893	133.300000000000011	150	200	30	100492	332.899999999999977	253.849999999999994	2021-02-27 18:39:05.408736
13	18	97	196	609.299999999999955	1893	133.300000000000011	150	200	30	100492	332.899999999999977	253.849999999999994	2021-02-27 18:39:34.237928
14	18	97	196	609.299999999999955	1893	133.300000000000011	150	200	30	100492	332.899999999999977	253.849999999999994	2021-02-27 18:46:01.259716
15	18	97	196	609.299999999999955	1893	133.300000000000011	150	200	30	100492	332.899999999999977	253.849999999999994	2021-02-27 18:53:12.812329
16	18	97	196	609.299999999999955	1893	133.300000000000011	150	200	30	100492	332.899999999999977	253.849999999999994	2021-02-27 19:02:41.857897
17	18	97	196	609.299999999999955	1893	133.300000000000011	150	200	30	100492	332.899999999999977	253.849999999999994	2021-02-27 19:05:00.099029
18	18	97	196	609.299999999999955	1893	133.300000000000011	150	200	30	100492	332.899999999999977	253.849999999999994	2021-02-27 19:09:10.701407
19	18	97	196	609.299999999999955	1893	133.300000000000011	150	200	30	100492	332.899999999999977	253.849999999999994	2021-02-27 19:10:39.687175
20	18	97	196	609.299999999999955	1893	133.300000000000011	150	200	30	100492	332.899999999999977	253.849999999999994	2021-02-27 19:30:27.381472
21	18	97	196	609.299999999999955	1893	133.300000000000011	150	200	30	100492	332.899999999999977	253.849999999999994	2021-02-27 19:35:40.815165
22	18	97	196	609.299999999999955	1893	133.300000000000011	150	200	30	100492	332.899999999999977	253.849999999999994	2021-02-27 19:37:29.196531
23	18	97	196	609.299999999999955	1893	133.300000000000011	150	200	30	100492	332.899999999999977	253.849999999999994	2021-02-27 19:39:02.135036
24	18	97	196	609.299999999999955	1893	133.300000000000011	150	200	30	100492	332.899999999999977	253.849999999999994	2021-02-27 19:45:31.638428
25	18	97	196	609.299999999999955	1893	133.300000000000011	150	200	30	100492	332.899999999999977	253.849999999999994	2021-02-27 19:47:02.131228
\.


--
-- Data for Name: tokens; Type: TABLE DATA; Schema: public; Owner: dmitryhse
--

COPY public.tokens (id, customer_id, token_uuid, creation_date, exp_date) FROM stdin;
1	33	530c3a1b015846bdba49d59bd0ec60d4	2020-07-25 00:00:00	2020-07-25 00:00:00
2	33	10f20d5450ba492b9b4b4b32ae5b6034	2020-07-25 00:00:00	2020-07-25 00:00:00
3	33	76b105a6a72940279f7aec6eb4c06e7e	2020-07-25 13:57:09.224877	2020-07-25 14:27:09.224884
4	42	9b8558eb9e4e464089402f5c0325f605	2020-07-25 14:08:27.619543	2020-07-25 14:38:27.61957
5	43	826aa0c2584f42cf8046ae506899e811	2020-07-25 14:09:58.372615	2020-07-25 14:39:58.37262
6	44	c6ef7f88059940fb904c34b84bafe61f	2020-07-25 14:10:45.498431	2020-07-25 14:40:45.498439
89	33	da95468e33ca45598b7fcd6a073442d8	2021-02-23 19:57:23.734967	2021-02-26 19:57:23.734969
90	62	8ab31ea47b554683b0b7630de8dc3940	2021-02-23 19:59:21.052596	2021-02-26 19:59:21.052599
91	62	5124baa69b0e49789d828ad588bb7639	2021-02-23 20:08:36.094598	2021-02-26 20:08:36.094601
97	64	ac6a1505fffa4cf8902112057fb67907	2021-02-25 11:30:18.452567	2021-02-28 11:30:18.452569
98	33	cf93c2774f2c4bbcab0d8882fe1208aa	2021-02-25 12:38:10.121225	2021-02-28 12:38:10.121229
99	33	94b8ff0893704e60b2f7a8395b0290a0	2021-02-25 12:44:45.678196	2021-02-28 12:44:45.6782
102	33	25b7c5df79e24a07be97e04825cb8957	2021-02-26 11:23:28.559669	2021-03-01 11:23:28.559674
10	33	07e7187748d543f4a99b6c620e255dec	2020-07-25 16:22:12.893829	2020-07-25 16:52:12.893833
11	33	6e5bf8b22206457098bb84c71dc59f3d	2020-07-25 17:05:21.094783	2020-07-25 17:35:21.094792
12	33	fa30a62b14dd4e229012e0b5b649588a	2020-07-25 19:18:43.926739	2020-07-25 19:48:43.926744
92	63	a1692010e8ff4afca228217f8f71b328	2021-02-24 06:21:21.776928	2021-02-27 06:21:21.77693
93	63	e0384445d43c45468915023e38383594	2021-02-24 06:21:44.738897	2021-02-27 06:21:44.7389
94	63	655a4e2d9d8e4ff0a5dca673f277c99b	2021-02-24 07:26:22.799405	2021-02-27 07:26:22.799408
95	33	068fe5dab1fa4698bec7f94af224ecd9	2021-02-24 19:37:04.958189	2021-02-27 19:37:04.958193
96	33	04a074d5de1b4929a1e268310e18b672	2021-02-25 10:12:38.79664	2021-02-28 10:12:38.796642
100	33	039c478847ac4bdea12641484890df60	2021-02-25 22:04:15.052482	2021-02-28 22:04:15.052485
101	65	7472c3d8f95b4e579a9711ea16def7b8	2021-02-26 08:27:33.124964	2021-03-01 08:27:33.124967
13	33	23e4091be7c74bb08602f3757007a3c6	2020-07-25 19:28:35.840439	2020-07-25 19:58:35.840444
14	33	2c4569c0df8349849e9d4ce506708219	2020-07-25 21:16:46.872163	2020-07-25 21:46:46.87217
16	33	0961e054443f4b7bb2d3bf0a2765aaa4	2020-07-26 20:09:09.680524	2020-07-26 20:39:09.680527
17	33	844070619f7646149ee7e51b91400a68	2020-07-28 18:07:18.021352	2020-07-28 18:37:18.021356
18	33	304178f7f6d445e1bf37eef7c3e2f02c	2020-07-29 20:29:38.500526	2020-07-29 20:59:38.500531
19	33	527dd6c14a024af588f0af4bf480016e	2020-07-29 20:46:33.658804	2020-07-29 21:16:33.658815
20	33	d64b7337c33b46bca062b00b80e36a57	2020-07-29 21:29:42.918722	2020-07-29 21:59:42.91873
21	33	8b9f44a1e79e42789121842a0b8c4ad4	2020-07-29 21:30:11.471364	2020-07-29 22:00:11.471375
22	33	cd7c28f9d30f4ff795545b65399549af	2020-07-30 09:31:27.401842	2020-07-30 10:01:27.401861
23	33	91f969a6c2314cc587694c23460b6dc0	2020-07-30 09:44:44.673188	2020-07-30 10:14:44.673193
24	33	7e41f7a230de43cf9f44a646efa60f4a	2020-08-01 09:40:16.314401	2020-08-01 10:10:16.314405
27	33	cf9b444cd72a46ec8cbb0ff51b90008f	2020-08-01 11:36:37.112152	2020-08-01 12:06:37.112158
28	33	8941c931f8454083ae9df1282587e84c	2020-08-01 12:03:17.486912	2020-08-01 12:33:17.486917
29	33	7dbb9fe1f74443c5817dd387fc58041e	2020-08-01 12:09:01.443136	2020-08-01 12:39:01.443139
30	33	2e69182b22c148569195424c22f519c4	2020-08-01 12:09:28.624975	2020-08-01 12:39:28.62498
31	33	d30a478aa1004ad9853317c2f8821e9c	2020-08-01 12:10:06.300358	2020-08-01 12:40:06.300364
32	33	c191d4a95d074776a3a7f6f40219587f	2020-08-01 14:31:02.983538	2020-08-01 15:01:02.983558
33	33	f0af1cde2843492f976739ec87ba8fb5	2020-08-01 14:37:23.318672	2020-08-01 15:07:23.318679
34	33	bae24d4faabd456bb3d8d5fa17bd23e1	2020-08-01 14:38:35.964988	2020-08-01 15:08:35.964994
35	33	a28504555811485db54ae35a16bc1497	2020-08-01 14:49:40.80393	2020-08-01 15:19:40.803936
36	33	b6b0e1de12c74f4daeff5625521d154d	2020-08-01 15:07:23.394719	2020-08-01 15:37:23.394724
37	33	3bbaab2d12284c46920ac8d725db366c	2020-08-01 15:08:05.835255	2020-08-01 15:38:05.835262
38	33	b4ed34fd661f4a91ada4df737d9d78f3	2020-08-01 15:34:05.355165	2020-08-01 16:04:05.355172
39	33	6df0dab6cf954a6fadac39a90c752be4	2020-08-01 15:36:11.126435	2020-08-01 16:06:11.126442
40	33	a00e42906547434a8e579582dc1a3f38	2020-08-01 15:48:25.726668	2020-08-01 16:18:25.726675
41	33	ea27f3e97b914139b7c629b2ec0c52a1	2020-08-01 16:01:42.344692	2020-08-01 16:31:42.344698
42	33	c0135ac2e04244f79ff7b12e5a2280ba	2020-08-01 16:03:15.83149	2020-08-01 16:33:15.831493
43	33	8cf764245ed84072b33d1e3e012b9ce8	2020-08-01 16:03:35.574511	2020-08-01 16:33:35.574515
44	33	ef581ece4198408c94ff704d5e4d0f81	2020-08-07 09:39:41.592283	2020-08-07 10:09:41.592293
45	33	f1d6bb57511d4fe48984518bbfc8cbcd	2020-08-07 09:43:16.041371	2020-08-07 10:13:16.041377
46	33	07eafdab06a940b899bc7bb6db4a987e	2020-08-07 09:43:29.904838	2020-08-07 10:13:29.904845
47	33	1e7edd6b336a41948fc68d8219abb323	2020-08-07 09:45:09.829849	2020-08-07 10:15:09.829853
49	33	4c86eed383074745a94fa179df722f2d	2020-08-07 19:49:37.97181	2020-08-07 20:19:37.971813
50	33	b06044157d6948ac9f20dadb53256de3	2020-08-07 20:18:11.501303	2020-08-07 20:48:11.501309
51	33	b7092a5d67ae47b1bdf3a6fa80b81bf1	2020-08-07 20:49:34.059075	2020-08-07 21:19:34.059104
52	42	c2ba6f95ba74477481114ae4c6f3241e	2020-08-07 20:53:19.380458	2020-08-07 21:23:19.380462
53	42	7568f94c4bda46eea23c0ffcd8e0fb43	2020-08-07 20:53:43.095412	2020-08-07 21:23:43.095418
54	42	d1bea7eed97440df9148393ac5cd4f4b	2020-08-07 21:31:53.168049	2020-08-07 22:01:53.168055
55	42	31342cb19028436ba8265f6babcff958	2020-08-07 22:08:10.011199	2020-08-10 22:08:10.011205
56	33	d4a4c1a329f242b2a26ee1fbfb31187d	2020-08-10 17:14:09.88534	2020-08-13 17:14:09.885347
57	33	05447315c913437983ef555adb8811fd	2020-08-22 14:54:58.990143	2020-08-25 14:54:58.99015
58	33	8c15e02704e5453d9d954f0a591f399a	2020-08-27 18:04:56.7734	2020-08-30 18:04:56.773406
59	33	e10259d736f14318a85d18c00d023b06	2021-01-24 18:06:49.52027	2021-01-27 18:06:49.520277
60	33	5d83f75c33d0413eb4d2f70d92aa385c	2021-01-24 18:07:46.645114	2021-01-27 18:07:46.64512
61	33	fe4627f04e7c4287be2ee5d647c3ef23	2021-02-19 12:39:51.527623	2021-02-22 12:39:51.527627
62	33	66255728c057439da7427603ee7b8a18	2021-02-19 12:40:20.106104	2021-02-22 12:40:20.106108
63	33	87babd3046034e92b8b970dc69e18f81	2021-02-19 14:43:08.600634	2021-02-22 14:43:08.600638
64	33	4dbece6a373144b8984da231a16a31f2	2021-02-19 15:14:49.768767	2021-02-22 15:14:49.768772
65	33	8a4e687cb4f5484bb95d968d0125aba8	2021-02-19 15:15:26.479413	2021-02-22 15:15:26.479417
66	58	2c051209fa0244eaabeb204e2e8e3f91	2021-02-19 15:37:09.980927	2021-02-22 15:37:09.98093
67	59	02bfa9b0413841deb33a51ff833e1db1	2021-02-19 15:39:54.894638	2021-02-22 15:39:54.89464
68	42	065b95ccba214257b11cdeebb65dc940	2021-02-20 13:44:31.926709	2021-02-23 13:44:31.926713
69	42	f197630ef7134530ac38cab075f376f9	2021-02-20 16:28:19.935428	2021-02-23 16:28:19.935431
70	33	a1e5ec453bdd416a8780e1b39facae68	2021-02-20 17:38:08.458	2021-02-23 17:38:08.458007
71	33	ed1a07b5e2e64aaa982794532caecd1f	2021-02-20 17:45:07.118441	2021-02-23 17:45:07.118447
72	60	612404499def41ed8ee5382b160bc997	2021-02-20 17:46:54.181323	2021-02-23 17:46:54.181329
73	42	e8fc368d3a5a4c1fb7d5c5fa2d9f9dff	2021-02-20 17:47:29.636991	2021-02-23 17:47:29.636997
74	33	921c4731af3f4076add05369708655ad	2021-02-20 17:48:58.214804	2021-02-23 17:48:58.214807
75	33	389fdb49ea47441fbbbb46c61f111ef1	2021-02-20 18:06:23.922214	2021-02-23 18:06:23.92222
76	61	e76280590ba84ce087e3f2494b8f32cf	2021-02-20 18:07:05.821676	2021-02-23 18:07:05.82168
77	33	846d1611799745689c383fc522b7d0f7	2021-02-20 18:12:20.870397	2021-02-23 18:12:20.870401
78	33	2a5421b543f845849c59706accff73d7	2021-02-20 18:14:35.422434	2021-02-23 18:14:35.422439
79	62	d0d1cda69b1b4674bcc4583e908191d5	2021-02-20 20:13:46.449445	2021-02-23 20:13:46.449447
80	33	ecf02b2bc6124fc7a04ec97cdc684ac0	2021-02-21 09:44:33.622728	2021-02-24 09:44:33.622734
81	33	4071f734726b47638bad44c9ea9b6af2	2021-02-21 09:46:05.169396	2021-02-24 09:46:05.169399
82	33	0ca5cfbc70d04a84a61fcc8c501c7020	2021-02-21 16:31:01.945167	2021-02-24 16:31:01.945172
83	42	2979e1940fd44085b7aacf50b9c634a1	2021-02-22 12:59:09.962144	2021-02-25 12:59:09.962147
84	42	0e92d1e04b7044eaabc34c426c654d5a	2021-02-22 12:59:34.019601	2021-02-25 12:59:34.019604
85	33	889b6b94ecc44c2280bfa17cdd5eb21f	2021-02-23 17:28:46.398152	2021-02-26 17:28:46.398155
86	33	f5af7fcd4fef4db3b114b7a3917a2a28	2021-02-23 18:04:59.506369	2021-02-26 18:04:59.506372
87	33	6fc8b2da149349d08f69bf4ab80b13bc	2021-02-23 18:13:15.637953	2021-02-26 18:13:15.637956
88	33	f1fecab75f544a6a9fd26e94d4a2edac	2021-02-23 19:56:04.75759	2021-02-26 19:56:04.757597
103	33	ea81652407d8494a89d3672148f43419	2021-02-27 11:42:43.458071	2021-03-02 11:42:43.458074
104	67	dfb2a2981f554d4b8286169c23f59e29	2021-02-27 11:52:50.259601	2021-03-02 11:52:50.259604
\.


--
-- Data for Name: transactions; Type: TABLE DATA; Schema: public; Owner: dmitryhse
--

COPY public.transactions (id, customer_id_from, customer_id_to, usd_amt, eur_amt, aed_amt) FROM stdin;
39	42	\N	100	0	0
40	42	\N	100	0	0
41	42	\N	100	0	0
42	42	\N	100	0	0
43	42	\N	100	0	0
44	42	\N	1	0	0
45	42	\N	1	0	0
10	\N	\N	0	0.100000001	0
46	42	\N	100	0	0
47	42	\N	200	0	0
48	42	\N	200	0	0
49	42	\N	1	0	0
50	42	\N	1	0	0
51	42	\N	1	0	0
79	42	\N	100	0	0
80	42	\N	140	0	0
52	42	\N	1	0	0
53	42	\N	1	0	0
54	42	\N	1	0	0
55	42	\N	1	0	0
56	42	\N	1	0	0
57	42	\N	1	0	0
58	42	\N	1	0	0
59	42	\N	1	0	0
60	42	\N	1	0	0
61	42	\N	1	0	0
26	33	\N	0	0.100000001	0
219	65	33	0	0	10
22	\N	\N	3	0	0
62	42	\N	1	0	0
63	42	\N	1	0	0
64	42	\N	1	0	0
65	42	\N	1	0	0
66	42	\N	1	0	0
67	42	\N	1	0	0
68	42	\N	1	0	0
69	42	\N	1	0	0
70	42	\N	1	0	0
71	42	\N	1	0	0
72	42	\N	1.29999995	0	0
24	\N	\N	27	0	0
19	\N	\N	3	0	0
28	33	\N	101	0	0
32	\N	33	10	0	0
122	33	42	0	0	11
123	33	42	0	0	1
124	33	42	0	0	1
125	33	42	0	0	1
126	33	42	0	0	1
127	33	42	0	0	1
128	33	42	0	0	1
129	33	42	0	0	1
130	33	42	0	0	1
131	33	42	0	0	0.5
132	33	42	0	0	0.5
133	33	42	0	0	0.5
134	33	42	0	1	0
135	33	42	0	1	0
136	33	42	0	1	0
137	33	42	0.100000001	0	0
29	33	\N	10	0	0
25	\N	\N	0	0.100000001	0
35	42	\N	100	0	0
36	42	\N	100	0	0
77	42	\N	1.29999995	0	0
78	42	\N	0.400000006	0	0
9	\N	\N	0	3	0
30	\N	33	0	0	150
31	\N	33	0	13	0
37	42	\N	100	0	0
38	42	\N	100	0	0
14	\N	\N	12	30	56
15	\N	\N	0	1	3
16	\N	\N	0	1	3
17	\N	\N	0	10	30
18	\N	\N	12	1	0
81	42	\N	1	0	0
82	42	\N	1	0	0
83	42	\N	1	0	0
84	42	\N	1	0	0
85	42	\N	1	0	0
86	42	\N	1	0	0
87	42	\N	1	0	0
88	42	\N	1	0	0
89	42	\N	1	0	0
90	42	\N	1	0	0
91	42	\N	1	0	0
92	42	\N	1	0	0
93	42	\N	1	0	0
94	42	\N	1	0	0
95	42	\N	1	0	0
96	42	\N	1	0	0
97	42	\N	1	0	0
98	42	\N	1	0	0
99	42	\N	1	0	0
100	42	\N	1	0	0
101	42	\N	1	0	0
102	42	\N	1	0	0
103	42	\N	1	0	0
104	42	\N	1	0	0
105	42	\N	1	0	0
106	42	\N	1	0	0
107	33	\N	0	1	0
108	33	\N	0	2	0
109	33	\N	0	2	0
110	33	\N	0	3	0
111	33	\N	0	3	0
112	33	\N	0	3	0
113	33	\N	0	3	0
114	33	\N	0	3	0
115	33	\N	0	3	0
116	33	\N	0	3	0
120	33	\N	1	0	0
121	33	\N	0	0	11
138	33	42	0.100000001	0	0
139	33	42	0.100000001	0	0
140	33	42	0.100000001	0	0
141	33	\N	1	0	0
183	62	33	13	0	0
185	65	33	0	0	10
186	65	33	0	0	10
187	65	33	0	0	10
188	65	33	0	0	1.39999998
189	65	33	0	20	0
190	65	33	0	0	10
191	65	33	0	0	10
192	65	33	0	0	10
193	65	33	0	0	10
194	65	33	0	0	10
195	65	33	0	0	10
196	65	33	0	0	10
197	65	33	0	0	10
198	65	33	0	0	10
199	65	33	0	0	10
200	65	33	0	0	10
201	65	33	0	0	10
202	65	33	0	0	10
203	65	33	0	0	10
204	65	33	0	0	10
205	65	33	0	0	10
206	65	33	0	0	10
207	65	33	0	0	10
208	65	33	0	0	10
209	65	33	0	0	10
210	65	33	0	0	10
211	65	33	0	0	10
212	65	33	0	0	10
213	65	33	0	0	10
214	65	33	0	0	10
215	65	33	0	0	10
216	65	33	0	0	10
217	65	33	0	0	10
218	65	33	0	0	10
117	33	\N	0	1	0
118	33	\N	0	1	0
119	33	\N	0	0.5	0
142	33	\N	0.100000001	0	0
143	33	\N	0.200000003	0	0
144	33	\N	0.300000012	0	0
145	33	\N	0.100000001	0	0
146	33	\N	0.100000001	0	0
147	33	\N	0.100000001	0	0
148	33	\N	0.100000001	0	0
149	33	\N	0.100000001	0	0
150	33	\N	0.100000001	0	0
151	33	\N	0.100000001	0	0
152	33	\N	0.100000001	0	0
153	33	\N	0.100000001	0	0
154	33	\N	0.100000001	0	0
155	33	\N	0.100000001	0	0
156	33	\N	0.100000001	0	0
157	33	\N	0.100000001	0	0
158	33	\N	0.100000001	0	0
159	33	\N	0.100000001	0	0
160	33	\N	0.100000001	0	0
161	33	\N	0.100000001	0	0
162	33	\N	0.100000001	0	0
163	33	\N	0.100000001	0	0
164	33	\N	0.100000001	0	0
165	33	\N	1	0	0
166	33	\N	1	0	0
167	33	\N	1	0	0
168	33	\N	0	1	0
169	33	\N	0	1	0
170	33	\N	0	1	0
171	33	\N	0	2	0
172	33	\N	0	4	0
173	33	\N	0	4	0
174	33	\N	0	4	0
175	33	\N	0	0	1
176	33	\N	0	0	1
177	33	\N	0	4	0
178	33	\N	0	0.100000001	0
181	33	\N	0	0	1
182	33	\N	0	1.39999998	0
184	33	\N	0	0	1.39999998
\.


--
-- Name: balances_id_seq; Type: SEQUENCE SET; Schema: public; Owner: dmitryhse
--

SELECT pg_catalog.setval('public.balances_id_seq', 71, true);


--
-- Name: customers_id_seq; Type: SEQUENCE SET; Schema: public; Owner: dmitryhse
--

SELECT pg_catalog.setval('public.customers_id_seq', 67, true);


--
-- Name: daily_rates_id_seq; Type: SEQUENCE SET; Schema: public; Owner: dmitryhse
--

SELECT pg_catalog.setval('public.daily_rates_id_seq', 29, true);


--
-- Name: passwords_id_seq; Type: SEQUENCE SET; Schema: public; Owner: dmitryhse
--

SELECT pg_catalog.setval('public.passwords_id_seq', 26, true);


--
-- Name: stats_id_seq; Type: SEQUENCE SET; Schema: public; Owner: dmitryhse
--

SELECT pg_catalog.setval('public.stats_id_seq', 25, true);


--
-- Name: tokens_id_seq; Type: SEQUENCE SET; Schema: public; Owner: dmitryhse
--

SELECT pg_catalog.setval('public.tokens_id_seq', 104, true);


--
-- Name: transactions_id_seq; Type: SEQUENCE SET; Schema: public; Owner: dmitryhse
--

SELECT pg_catalog.setval('public.transactions_id_seq', 219, true);


--
-- Name: access_types access_types_pkey; Type: CONSTRAINT; Schema: public; Owner: dmitryhse
--

ALTER TABLE ONLY public.access_types
    ADD CONSTRAINT access_types_pkey PRIMARY KEY (access_type_int);


--
-- Name: balances balances_pkey; Type: CONSTRAINT; Schema: public; Owner: dmitryhse
--

ALTER TABLE ONLY public.balances
    ADD CONSTRAINT balances_pkey PRIMARY KEY (id);


--
-- Name: customers customers_pkey; Type: CONSTRAINT; Schema: public; Owner: dmitryhse
--

ALTER TABLE ONLY public.customers
    ADD CONSTRAINT customers_pkey PRIMARY KEY (id);


--
-- Name: daily_rates daily_rates_pk; Type: CONSTRAINT; Schema: public; Owner: dmitryhse
--

ALTER TABLE ONLY public.daily_rates
    ADD CONSTRAINT daily_rates_pk PRIMARY KEY (id);


--
-- Name: passwords passwords_pkey; Type: CONSTRAINT; Schema: public; Owner: dmitryhse
--

ALTER TABLE ONLY public.passwords
    ADD CONSTRAINT passwords_pkey PRIMARY KEY (id);


--
-- Name: stats stats_pk; Type: CONSTRAINT; Schema: public; Owner: dmitryhse
--

ALTER TABLE ONLY public.stats
    ADD CONSTRAINT stats_pk PRIMARY KEY (id);


--
-- Name: tokens tokens_pkey; Type: CONSTRAINT; Schema: public; Owner: dmitryhse
--

ALTER TABLE ONLY public.tokens
    ADD CONSTRAINT tokens_pkey PRIMARY KEY (id);


--
-- Name: transactions transactions_pkey; Type: CONSTRAINT; Schema: public; Owner: dmitryhse
--

ALTER TABLE ONLY public.transactions
    ADD CONSTRAINT transactions_pkey PRIMARY KEY (id);


--
-- Name: balances unique_cust_id; Type: CONSTRAINT; Schema: public; Owner: dmitryhse
--

ALTER TABLE ONLY public.balances
    ADD CONSTRAINT unique_cust_id UNIQUE (customer_id);


--
-- Name: cust_id_idx; Type: INDEX; Schema: public; Owner: dmitryhse
--

CREATE INDEX cust_id_idx ON public.passwords USING btree (customer_id);


--
-- Name: cust_id_tokens_idx; Type: INDEX; Schema: public; Owner: dmitryhse
--

CREATE INDEX cust_id_tokens_idx ON public.tokens USING btree (customer_id);


--
-- Name: cust_id_trans_from_idx; Type: INDEX; Schema: public; Owner: dmitryhse
--

CREATE INDEX cust_id_trans_from_idx ON public.transactions USING btree (customer_id_from);


--
-- Name: cust_id_trans_to_idx; Type: INDEX; Schema: public; Owner: dmitryhse
--

CREATE INDEX cust_id_trans_to_idx ON public.transactions USING btree (customer_id_to);


--
-- Name: daily_rates_id_uindex; Type: INDEX; Schema: public; Owner: dmitryhse
--

CREATE UNIQUE INDEX daily_rates_id_uindex ON public.daily_rates USING btree (id);


--
-- Name: stats_id_uindex; Type: INDEX; Schema: public; Owner: dmitryhse
--

CREATE UNIQUE INDEX stats_id_uindex ON public.stats USING btree (id);


--
-- Name: balances fk_balances; Type: FK CONSTRAINT; Schema: public; Owner: dmitryhse
--

ALTER TABLE ONLY public.balances
    ADD CONSTRAINT fk_balances FOREIGN KEY (customer_id) REFERENCES public.customers(id) ON DELETE CASCADE;


--
-- Name: passwords fk_passwords; Type: FK CONSTRAINT; Schema: public; Owner: dmitryhse
--

ALTER TABLE ONLY public.passwords
    ADD CONSTRAINT fk_passwords FOREIGN KEY (customer_id) REFERENCES public.customers(id) ON DELETE CASCADE;


--
-- Name: tokens fk_tokens; Type: FK CONSTRAINT; Schema: public; Owner: dmitryhse
--

ALTER TABLE ONLY public.tokens
    ADD CONSTRAINT fk_tokens FOREIGN KEY (customer_id) REFERENCES public.customers(id) ON DELETE CASCADE;


--
-- Name: transactions fk_transactions_from; Type: FK CONSTRAINT; Schema: public; Owner: dmitryhse
--

ALTER TABLE ONLY public.transactions
    ADD CONSTRAINT fk_transactions_from FOREIGN KEY (customer_id_from) REFERENCES public.customers(id) ON DELETE SET NULL;


--
-- Name: transactions fk_transactions_to; Type: FK CONSTRAINT; Schema: public; Owner: dmitryhse
--

ALTER TABLE ONLY public.transactions
    ADD CONSTRAINT fk_transactions_to FOREIGN KEY (customer_id_to) REFERENCES public.customers(id) ON DELETE SET NULL;


--
-- PostgreSQL database dump complete
--

